
[
    {
      "id": "xc90-recharge",
      "modelName": "XC90 Recharge", 
      "bodyType": "suv",
      "modelType": "plug-in hybrid",
      "cost":"5 Lakh",
      "imageUrl": "images/xc90_recharge.jpg"
    },
    {
      "id": "xc60-recharge",
      "modelName": "XC60 Recharge", 
      "bodyType": "suv",
      "modelType": "plug-in hybrid",
      "cost":"10.5 Lakh",
      "imageUrl": "images/xc60_recharge.jpg"
    },
    {
      "id": "xc40-recharge",
      "modelName": "XC40 Recharge", 
      "bodyType": "suv",
      "modelType": "plug-in hybrid",
      "cost":"55.3 Lakh",
      "imageUrl": "images/xc40_recharge.jpg"
    },
    {
      "id": "xc40-bev",
      "modelName": "XC40 Recharge", 
      "bodyType": "suv",
      "modelType": "pure electric",
      "cost":"20.3 Lakh",
      "imageUrl": "images/xc40_bev.jpg"
    },
    {
      "id": "v90-recharge",
      "modelName": "V90 Recharge", 
      "bodyType": "estate",
      "modelType": "plug-in hybrid",
      "cost":"76 Lakh",
      "imageUrl": "images/v90_recharge.jpg"
    },
    {
      "id": "v60-recharge",
      "modelName": "V60 Recharge", 
      "bodyType": "estate",
      "modelType": "plug-in hybrid",
      "cost":"60 Lakh",
      "imageUrl": "images/v60_recharge.jpg"
    },
    {
      "id": "s90-recharge",
      "modelName": "S90 Recharge", 
      "bodyType": "sedan",
      "modelType": "plug-in hybrid",
      "cost":"40 Lakh",
      "imageUrl": "images/s90_recharge.jpg"
    },
    {
      "id": "s60-recharge",
      "modelName": "S60 Recharge", 
      "bodyType": "sedan",
      "modelType": "plug-in hybrid",
      "cost":"1.5 Cr",
      "imageUrl": "images/s60_recharge.jpg"
    }
]